City_ID,City,Country,Lat,Lng,Max Temp,Humidity,Cloudiness,Wind Speed
0,Olafsvik,IS,64.8945,-23.7142,33.04,93,100,2.64
1,Zaraza,VE,9.3503,-65.3245,89.64,40,29,9.91
2,Zeya,RU,53.75,127.2667,-26.5,82,63,1.88
3,Cape Town,ZA,-33.9258,18.4232,70.0,77,0,12.66
4,Hobart,AU,-42.8794,147.3294,60.8,94,20,5.75
5,Atuona,PF,-9.8,-139.0333,78.57,77,15,19.26
6,Cidreira,BR,-30.1811,-50.2056,80.6,86,37,9.42
7,Podyuga,RU,61.095,40.8647,18.16,97,100,7.72
8,Punta Arenas,CL,-53.15,-70.9167,48.2,66,75,25.32
9,Bluff,NZ,-46.6,168.3333,48.0,80,25,8.01
10,Bealanana,MG,-14.55,48.7333,65.57,87,99,0.54
11,Hilo,US,19.7297,-155.09,69.8,83,90,3.44
12,Jiazi,CN,22.8779,116.067,52.23,67,0,18.41
13,Chodavaram,IN,17.8333,82.95,73.4,88,20,2.3
14,Hithadhoo,MV,-0.6,73.0833,81.79,78,29,14.03
15,Yulara,AU,-25.2406,130.9889,78.8,65,100,12.66
16,Jamestown,US,42.097,-79.2353,21.0,79,90,13.8
17,Avarua,CK,-21.2078,-159.775,82.4,74,20,9.22
18,Alofi,NU,-19.0595,-169.9187,75.2,100,100,6.91
19,Hermanus,ZA,-34.4187,19.2345,64.0,84,97,4.56
20,Ukiah,US,39.1502,-123.2078,48.0,76,90,3.11
21,Rikitea,PF,-23.1203,-134.9692,79.83,69,67,7.63
22,Bredasdorp,ZA,-34.5322,20.0403,64.0,84,97,6.64
23,Saint George,US,37.1041,-113.5841,43.0,87,90,8.05
24,Khatanga,RU,71.9667,102.5,-45.09,73,0,2.08
25,Manicore,BR,-5.8092,-61.3003,80.6,89,75,3.44
26,Abu Samrah,SY,35.3029,37.1841,43.16,70,19,11.61
27,Butaritari,KI,3.0707,172.7902,80.49,76,89,18.32
28,Leshukonskoye,RU,64.8989,45.7622,11.25,94,100,10.65
29,Klaksvik,FO,62.2266,-6.589,32.0,69,75,4.61
30,Fortuna,US,40.5982,-124.1573,51.01,93,1,6.91
31,Barrow,US,71.2906,-156.7887,-13.0,77,90,9.22
32,Mataura,NZ,-46.1927,168.8643,48.0,80,30,8.01
33,Dikson,RU,73.5069,80.5464,-33.14,85,96,5.86
34,Khandyga,RU,62.6667,135.6,-52.71,76,86,0.87
35,Isangel,VU,-19.55,169.2667,75.2,88,20,13.33
36,Ushuaia,AR,-54.8,-68.3,42.8,70,75,23.02
37,Sao Filipe,CV,14.8961,-24.4956,75.13,63,84,9.6
38,Lavrentiya,RU,65.5833,-171.0,-16.47,81,0,14.27
39,Flin Flon,CA,54.7682,-101.865,10.4,85,90,6.91
40,Altagracia De Orituco,VE,9.8601,-66.3814,83.88,46,37,8.66
41,Rajgir,IN,25.0333,85.4167,50.0,87,0,5.75
42,Raudeberg,NO,61.9875,5.1352,33.01,93,75,10.36
43,Muncar,ID,-8.4333,114.3333,74.86,89,100,1.95
44,Cabo San Lucas,MX,22.8909,-109.9124,82.0,64,20,13.8
45,Merauke,ID,-8.4667,140.3333,79.16,86,79,14.52
46,Chuy,UY,-33.6971,-53.4616,78.46,66,3,9.1
47,Vadso,NO,70.0744,29.7487,17.6,86,90,13.8
48,Piacabucu,BR,-10.4056,-36.4344,80.71,71,100,11.54
49,Caravelas,BR,-17.7125,-39.2481,81.3,68,0,9.31
50,Kyra,RU,49.5776,111.9753,-16.47,81,100,0.98
51,Albany,US,42.6001,-73.9662,17.01,44,76,11.99
52,Busselton,AU,-33.65,115.3333,62.01,79,0,5.01
53,Kodiak,US,57.79,-152.4072,33.8,69,40,17.27
54,Kijabe,KE,-0.933,36.5758,59.0,84,73,11.01
55,Saint-Pierre,RE,-21.3393,55.4781,78.8,69,0,4.61
56,Yellowknife,CA,62.456,-114.3525,-18.0,76,20,6.91
57,Port Elizabeth,ZA,-33.918,25.5701,64.4,88,40,5.75
58,Umm Lajj,SA,25.0213,37.2685,65.03,53,0,12.08
59,Tasiilaq,GL,65.6145,-37.6368,17.6,86,90,21.85
60,Iqaluit,CA,63.7506,-68.5145,-13.0,70,1,33.38
61,Ponta Delgada,PT,37.7333,-25.6667,61.0,82,20,11.5
62,Puerto Ayora,EC,-0.7393,-90.3518,84.2,70,20,13.8
63,Sorland,NO,67.667,12.6934,28.4,74,20,5.75
64,Hukuntsi,BW,-24.0,21.75,76.62,61,100,15.14
65,Kumluca,TR,36.3703,30.2869,47.55,49,0,2.13
66,Ostrovnoy,RU,68.0531,39.5131,7.11,93,100,18.14
67,Kapaa,US,22.0752,-159.319,73.99,78,75,20.71
68,Nouakchott,MR,18.0858,-15.9785,86.0,10,32,8.05
69,Georgetown,MY,5.4112,100.3354,77.0,78,20,3.44
70,Port Hardy,CA,50.6996,-127.4199,42.8,81,90,11.5
71,Vaini,TO,-21.2,-175.2,77.0,94,75,12.66
72,Waddan,LY,29.1614,16.139,57.69,47,0,3.06
73,Souillac,MU,-20.5167,57.5167,80.6,78,75,9.22
74,Baijiantan,CN,45.6333,85.1833,6.06,91,0,1.43
75,Acapulco,MX,16.8634,-99.8901,86.0,58,75,11.5
76,Lebu,CL,-37.6167,-73.65,59.23,95,95,2.86
77,Salinopolis,BR,-0.6136,-47.3561,82.22,75,93,13.8
78,Jalu,LY,29.0331,21.5482,54.79,72,0,5.73
79,Broken Hill,AU,-31.95,141.4333,68.0,64,0,16.11
80,Nikolskoye,RU,59.7035,30.7861,33.01,100,75,8.95
81,Vila Velha,BR,-20.3297,-40.2925,86.0,62,20,25.32
82,Kavieng,PG,-2.5744,150.7967,82.74,82,46,15.7
83,Tiksi,RU,71.6872,128.8694,-31.77,85,100,4.56
84,New Norfolk,AU,-42.7826,147.0587,60.01,84,62,2.66
85,Aasiaat,GL,68.7098,-52.8699,3.6,90,0,4.27
86,Grindavik,IS,63.8424,-22.4338,33.8,75,90,6.91
87,Tigzirt,DZ,36.8886,4.1198,61.3,63,0,8.77
88,Yar-Sale,RU,66.8333,70.8333,-41.96,80,15,4.12
89,Khandbari,NP,27.3747,87.2039,46.44,56,0,4.07
90,Lompoc,US,34.6391,-120.4579,50.0,93,20,6.91
91,Sisimiut,GL,66.9395,-53.6735,9.95,73,0,9.28
92,Hornepayne,CA,49.2138,-84.7705,8.4,93,100,5.7
93,Castro,BR,-24.7911,-50.0119,71.29,89,98,6.96
94,Kaitangata,NZ,-46.2817,169.8464,54.0,75,29,3.0
95,Gorontalo,ID,0.5412,123.0595,73.49,83,94,3.47
96,Dingle,PH,10.9995,122.6711,73.83,89,95,11.9
97,Oxapampa,PE,-10.5775,-75.4017,66.02,89,100,2.75
98,Tecoanapa,MX,16.5167,-98.75,84.34,49,68,9.08
99,Marawi,PH,7.9986,124.2928,73.0,93,100,5.01
100,Krasnyy Chikoy,RU,50.3643,108.7512,-4.99,88,100,0.65
101,Tilichiki,RU,60.4667,166.1,-6.95,92,91,9.28
102,Batticaloa,LK,7.7102,81.6924,76.6,87,100,8.03
103,Iquitos,PE,-3.7481,-73.2472,91.4,55,75,9.22
104,Bethel,US,41.3712,-73.414,19.0,49,20,13.8
105,San Quintin,MX,30.4833,-115.95,58.37,73,86,11.95
106,Port Alfred,ZA,-33.5906,26.891,64.99,88,0,1.99
107,Qaanaaq,GL,77.484,-69.3632,-14.46,59,0,4.59
108,San Cristobal,VE,7.7669,-72.225,84.2,58,40,13.8
109,Oromocto,CA,45.8351,-66.4792,23.0,58,90,14.97
110,Ribeira Grande,PT,38.5167,-28.7,62.6,72,20,11.5
111,Lexington,US,37.9887,-84.4777,34.0,43,1,3.44
112,Kielce,PL,50.8703,20.6275,28.99,1,99,4.59
113,Marsh Harbour,BS,26.5412,-77.0636,64.72,67,100,16.15
114,Bengkulu,ID,-3.8004,102.2655,75.13,88,100,6.44
115,Agua Verde,MX,22.9,-106.05,80.6,50,75,6.91
116,Kattivakkam,IN,13.2167,80.3167,75.2,83,40,9.15
117,Vila Franca Do Campo,PT,37.7167,-25.4333,61.0,82,20,11.5
118,Petropavlovsk-Kamchatskiy,RU,53.0452,158.6483,1.4,85,100,6.71
119,Kijang,KR,35.2442,129.2139,24.8,39,0,9.22
120,Vanimo,PG,-2.6741,141.3028,78.26,82,100,7.85
121,Severo-Kurilsk,RU,50.6789,156.125,20.62,93,99,18.19
122,Torbay,CA,47.6666,-52.7314,28.0,86,90,18.41
123,Gunjur,GM,13.2019,-16.7339,80.6,39,0,17.16
124,Norman Wells,CA,65.282,-126.8329,-32.8,75,20,2.3
125,Belmonte,BR,-15.8631,-38.8828,84.2,74,75,3.44
126,Necochea,AR,-38.5473,-58.7368,78.01,45,58,9.93
127,Bambous Virieux,MU,-20.3428,57.7575,81.0,78,75,9.22
128,Airai,TL,-8.9266,125.4092,61.54,100,100,4.25
129,Tazovskiy,RU,67.4667,78.7,-37.77,79,0,7.05
130,Kurlovo,RU,55.4325,40.4854,27.59,98,100,11.83
131,Katsuura,JP,35.1333,140.3,36.0,48,0,18.41
132,Kruisfontein,ZA,-34.0033,24.7314,64.99,75,1,1.01
133,Lujiang,CN,31.2581,117.2817,43.0,56,0,4.47
134,Ilulissat,GL,69.2167,-51.1,1.4,55,20,8.05
135,Kutahya,TR,39.4242,29.9833,30.2,74,40,1.14
136,Kasongo-Lunda,CD,-6.4667,16.8167,72.37,84,100,0.92
137,Mantua,IT,45.1667,10.7833,35.01,86,3,5.75
138,Yeppoon,AU,-23.1333,150.7333,71.6,83,75,6.91
139,La Rioja,ES,42.25,-2.5,51.8,82,20,3.44
140,Tuktoyaktuk,CA,69.4541,-133.0374,-34.6,67,20,3.44
141,Palembang,ID,-2.9167,104.7458,74.05,95,100,3.44
142,Sobolevo,RU,54.4299,31.8996,22.37,98,100,11.74
143,Saskylakh,RU,71.9167,114.0833,-38.83,79,73,1.81
144,Kavaratti,IN,10.5669,72.642,80.33,72,8,8.16
145,Coihaique,CL,-45.5752,-72.0662,60.8,41,20,9.22
146,Bara,NG,10.3744,10.7288,77.79,18,0,12.1
147,Mumford,GH,5.2618,-0.759,79.5,83,100,5.21
148,Vestmannaeyjar,IS,63.4427,-20.2734,36.28,81,97,9.13
149,Odweyne,SO,9.4092,45.064,66.88,60,0,2.3
150,Bhim Tal,IN,29.35,79.5667,36.91,65,0,4.14
151,Mandera,KE,3.9366,41.867,83.8,17,8,11.14
152,Sao Felix Do Xingu,BR,-6.6447,-51.995,85.69,67,21,3.56
153,Jati,PK,24.3539,68.2671,58.12,49,0,7.54
154,Thanh Hoa,VN,19.8,105.7667,59.41,91,0,1.52
155,Pevek,RU,69.7008,170.3133,-28.82,85,5,2.82
156,Along,IN,28.1667,94.7667,49.93,59,15,1.72
157,Hambantota,LK,6.1241,81.1185,75.2,100,40,2.3
158,Rafaela,AR,-31.2503,-61.4867,92.25,32,0,5.3
159,Fort Nelson,CA,58.8053,-122.7002,-14.8,76,40,1.48
160,Nizwa,OM,22.9333,57.5333,55.72,45,0,1.16
161,Panshi,CN,42.9422,126.0561,5.77,95,100,4.94
162,Arraial Do Cabo,BR,-22.9661,-42.0278,89.6,58,0,21.85
163,Nongan,CN,44.382,125.1685,8.6,78,90,8.95
164,Bubaque,GW,11.2833,-15.8333,78.58,73,0,14.88
165,Salinas,US,36.6777,-121.6555,55.4,76,1,9.22
166,Gazojak,TM,41.1875,61.4036,42.19,58,63,6.42
167,Ponta Do Sol,PT,32.6667,-17.1,57.99,75,29,1.01
168,Garavuti,TJ,37.5672,68.4469,37.4,70,0,2.24
169,Oksfjord,NO,70.2396,22.3479,19.4,73,40,23.02
170,Itarema,BR,-2.9248,-39.9167,82.38,71,100,16.08
171,Svetlogorsk,BY,52.6333,29.7333,21.25,97,98,11.41
172,Vostok,RU,46.4856,135.8833,-17.66,89,100,2.57
173,Comodoro Rivadavia,AR,-45.8667,-67.5,62.6,42,40,13.8
174,East London,ZA,-33.0153,27.9116,73.0,63,54,3.04
175,Carnarvon,AU,-24.8667,113.6333,78.8,89,3,9.22
176,Paamiut,GL,61.994,-49.6678,34.27,81,83,9.44
177,Taoudenni,ML,22.6783,-3.9836,74.95,19,0,11.05
178,Port Blair,IN,11.6667,92.75,79.02,81,99,7.65
179,Mehamn,NO,71.0357,27.8492,17.6,79,0,12.66
180,Baykit,RU,61.67,96.37,-40.7,74,72,4.65
181,Geraldton,AU,-28.7667,114.6,82.4,20,0,23.02
182,Beirut,LB,33.8889,35.4944,57.2,51,40,17.27
183,Chaihe,CN,44.7667,129.7,-15.09,87,100,2.86
184,Ancud,CL,-41.8697,-73.8203,64.4,52,0,9.22
185,Madang,PG,-5.2246,145.7966,77.13,89,96,5.73
186,Lethem,GY,3.3803,-59.7968,88.7,46,99,11.41
187,Benguela,AO,-12.5763,13.4055,76.41,73,1,5.03
188,Vanavara,RU,60.34,102.2797,-38.67,79,45,7.83
189,Victoria,HK,22.2855,114.1577,60.01,72,0,21.92
190,Kutum,SD,14.2,24.6667,59.22,31,10,12.91
191,Anzio,IT,41.4853,12.6179,52.0,94,37,1.01
192,Jenbach,AT,47.4013,11.7406,39.99,90,100,2.73
193,Road Town,VG,18.4167,-64.6167,82.4,61,20,8.05
194,Adre,TD,13.4667,22.2,69.96,22,0,19.6
195,Ahipara,NZ,-35.1667,173.1667,63.82,66,2,7.02
196,Deputatskiy,RU,69.3,139.9,-31.85,86,100,1.97
197,Saldanha,ZA,-33.0117,17.9442,64.99,89,0,12.28
198,Preili,LV,56.2944,26.7246,26.94,98,100,10.6
199,Ciudad Bolivar,VE,8.1222,-63.5497,89.94,42,56,10.76
200,Thompson,CA,55.7435,-97.8558,5.0,72,90,4.61
201,Kropotkin,RU,45.4375,40.5756,35.28,87,100,7.16
202,Pacific Grove,US,36.6177,-121.9166,55.4,62,40,3.0
203,Port Lincoln,AU,-34.7333,135.8667,62.4,71,100,13.22
204,Hasaki,JP,35.7333,140.8333,32.0,51,20,10.36
205,Sao Joao Da Barra,BR,-21.6403,-41.0511,86.0,58,0,23.02
206,Abu Dhabi,AE,24.4667,54.3667,71.6,43,0,6.91
207,Euclides Da Cunha,BR,-10.5075,-39.0158,85.41,45,98,13.2
208,Galle,LK,6.0367,80.217,76.77,86,100,2.68
209,Parrita,CR,9.5201,-84.3225,78.8,49,40,23.02
210,Bulungu,CD,-4.55,18.6,75.36,80,100,2.33
211,Fukue,JP,32.6881,128.8419,43.14,62,0,11.52
212,Jiangyou,CN,31.7667,104.7167,43.7,73,84,3.47
213,Komsomolskiy,UZ,40.4272,71.7189,33.8,47,17,6.91
214,Melbu,NO,68.5044,14.8297,23.0,68,0,4.61
215,Muli,MV,2.9167,73.5667,81.14,79,4,17.18
216,Eregli,TR,37.5133,34.0467,28.98,81,8,2.28
217,Mega,ET,4.05,38.3,65.8,39,0,19.22
218,Los Teques,VE,10.3445,-67.0433,87.8,70,20,3.49
219,Constitucion,CL,-35.3333,-72.4167,66.88,72,97,8.08
220,Upernavik,GL,72.7868,-56.1549,-7.15,82,93,12.71
221,Bathsheba,BB,13.2167,-59.5167,82.4,65,20,16.11
222,Chokurdakh,RU,70.6333,147.9167,-23.89,87,100,7.43
223,Chicama,PE,-7.8447,-79.1469,71.6,83,20,10.36
224,Alice Springs,AU,-23.7,133.8833,79.0,88,90,6.91
225,Faya,SA,18.3851,42.4509,59.0,76,0,4.61
226,Ahuimanu,US,21.4447,-157.8378,75.2,64,90,17.27
227,Usinsk,RU,65.9939,57.5281,-16.06,84,100,10.71
228,Tessalit,ML,20.1986,1.0114,66.94,21,0,10.85
229,Garowe,SO,8.4054,48.4845,66.65,81,0,14.52
230,Tarakan,ID,3.3,117.6333,77.83,85,100,16.06
231,Hami,CN,42.8,93.45,20.05,84,0,2.59
232,Bilibino,RU,68.0546,166.4372,-24.32,79,6,5.46
233,Guadalupe Y Calvo,MX,26.1,-106.9667,63.59,39,69,14.14
234,Mayo,US,38.8876,-76.5119,33.01,40,90,14.97
235,Banda Aceh,ID,5.5577,95.3222,77.49,83,62,11.9
236,Oksovskiy,RU,62.6062,39.8984,20.59,97,100,8.41
237,Faanui,PF,-16.4833,-151.75,80.96,70,30,8.63
238,Palmer,US,42.1584,-72.3287,17.01,41,20,21.85
239,Anamur,TR,36.0751,32.8369,42.8,75,0,5.75
240,Pangnirtung,CA,66.1451,-65.7125,-9.4,77,1,2.3
241,West Bay,KY,19.3667,-81.4167,79.0,65,40,16.11
242,Wau,SS,7.7029,27.9953,79.56,18,40,5.91
243,Panguna,PG,-6.3164,155.4848,70.75,100,85,4.0
244,La Ronge,CA,55.1001,-105.2842,8.6,78,100,5.75
245,Provideniya,RU,64.3833,-173.3,-9.11,82,91,9.19
246,Auki,SB,-8.7676,160.7034,79.29,82,100,6.67
247,Lalmohan,BD,22.3384,90.7419,67.37,47,0,6.49
248,Kununurra,AU,-15.7667,128.7333,78.8,100,75,8.05
249,Pochutla,MX,15.7432,-96.4661,91.99,46,40,11.5
250,Batemans Bay,AU,-35.7167,150.1833,68.0,97,100,3.0
251,Karratha,AU,-20.7377,116.8463,81.57,75,25,2.71
252,Shitanjing,CN,39.2342,106.3439,22.53,76,0,14.72
253,Clyde River,CA,70.4692,-68.5914,-16.6,76,1,14.97
254,Naze,JP,28.3667,129.4833,48.74,73,26,13.78
255,Shumskiy,RU,54.8318,99.1328,5.72,92,67,0.94
256,Avera,US,33.194,-82.5271,50.0,34,1,5.75
257,Carupano,VE,10.6678,-63.2585,79.57,70,30,10.45
258,Mount Isa,AU,-20.7333,139.5,82.4,57,100,3.44
259,Anadyr,RU,64.75,177.4833,-20.0,76,0,6.71
260,Pisco,PE,-13.7,-76.2167,77.0,65,0,6.91
261,Santa Isabel Do Rio Negro,BR,-0.4139,-65.0192,93.27,41,7,5.03
262,Peqin,AL,41.0461,19.7511,50.0,87,90,8.05
263,Zlotoryja,PL,51.1264,15.9198,30.99,86,100,6.38
264,Ossora,RU,59.2353,163.0719,-4.04,87,55,7.76
265,Mizdah,LY,31.4451,12.9801,58.71,42,0,11.21
266,Mahebourg,MU,-20.4081,57.7,80.6,78,75,9.22
267,Alta Floresta,BR,-9.8756,-56.0861,87.8,58,40,3.44
268,Saint-Philippe,RE,-21.3585,55.7679,78.8,69,0,4.61
269,Quatre Cocos,MU,-20.2078,57.7625,81.0,78,75,9.22
270,Mutare,ZW,-18.9707,32.6709,66.15,98,78,4.12
271,Mar Del Plata,AR,-38.0023,-57.5575,82.4,32,75,12.66
272,Ngong,KE,-1.3618,36.6566,59.0,84,66,11.01
273,Verkhoyansk,RU,67.5447,133.385,-44.37,74,100,0.25
274,Rochegda,RU,62.8,43.25,21.78,97,100,9.51
275,Sovetskiy,RU,61.3614,63.5842,-15.88,87,97,6.93
276,Okhotsk,RU,59.3833,143.3,-13.68,82,0,7.63
277,Mogadishu,SO,2.0371,45.3438,76.53,75,0,23.62
278,Kofele,ET,7.0667,38.7833,53.76,42,7,9.89
279,Aksu,CN,41.1231,80.2644,18.88,84,0,3.04
280,San Patricio,US,28.017,-97.5169,77.0,47,40,11.5
281,Varhaug,NO,58.6147,5.6457,24.8,74,0,5.75
282,Katobu,ID,-4.9408,122.5276,75.42,92,99,4.34
283,Cherskiy,RU,68.75,161.3,-31.94,83,64,4.34
284,Werda,BW,-25.2667,23.2833,74.79,66,74,10.27
285,Luderitz,NA,-26.6481,15.1594,72.0,42,0,27.11
286,Touros,BR,-5.1989,-35.4608,86.0,58,20,12.66
287,Esperance,AU,-33.8667,121.9,57.2,88,0,6.91
288,Aykhal,RU,66.0,111.5,-36.09,80,60,6.2
289,Najran,SA,17.4924,44.1277,69.8,18,0,3.94
290,Bandarbeyla,SO,9.4942,50.8122,74.14,74,38,12.15
291,San Jose,US,37.3394,-121.895,55.0,66,20,3.44
292,Cayenne,GF,4.9333,-52.3333,77.0,100,75,3.44
293,Alekseyevsk,RU,57.8406,108.3492,-39.44,78,19,3.51
294,Vardo,NO,70.3705,31.1107,23.0,93,75,18.41
295,Korla,CN,41.7597,86.1469,22.98,82,0,3.51
296,Areka,ET,7.0667,37.7,67.75,27,16,8.05
297,Agidel,RU,55.9077,53.9355,24.55,98,100,10.94
298,Rawson,AR,-43.3002,-65.1023,60.48,53,25,21.5
299,Hualmay,PE,-11.0964,-77.6139,75.87,65,4,11.21
300,Asau,RO,46.4333,26.4,37.4,75,0,8.05
301,Coahuayana,MX,18.7333,-103.6833,86.0,42,40,6.69
302,Khilok,RU,51.3674,110.4676,-14.12,87,100,2.73
303,Seredeyskiy,RU,54.0507,35.2318,21.81,98,97,2.8
304,Odlabari,IN,26.8333,88.6167,57.56,56,0,4.25
305,Cascais,PT,38.6979,-9.4215,57.0,94,100,10.0
306,Asyut,EG,27.181,31.1837,51.8,66,0,5.75
307,Bafia,CM,4.75,11.2333,75.25,41,100,4.43
308,Porto Santo,PT,33.072,-16.3415,62.6,82,75,10.36
309,Saint-Georges,GD,12.0564,-61.7485,86.0,66,20,20.71
310,Itoman,JP,26.1247,127.6694,57.2,58,75,5.75
311,Maloy,NO,61.9353,5.1136,33.01,93,75,10.36
312,Berlevag,NO,70.8578,29.0864,23.0,74,75,12.66
313,Santa Fe,AR,-31.6333,-60.7,87.01,50,11,1.99
314,Narsaq,GL,60.9167,-46.05,44.6,29,75,24.16
315,Zyryanka,RU,65.75,150.85,-22.41,86,100,8.43
316,Ferrol,ES,43.4832,-8.2369,59.0,82,100,19.42
317,Santa Cruz,BO,-17.8,-63.1667,77.0,83,75,18.41
318,Tateyama,JP,34.9833,139.8667,36.0,48,0,18.41
319,Lasa,IT,46.6166,10.7002,34.0,74,0,2.3
320,Beloha,MG,-25.1667,45.05,78.44,80,54,11.74
321,Roald,NO,62.5833,6.1333,33.8,93,90,17.27
322,Shu,KZ,43.5983,73.7614,15.87,86,0,0.56
323,Wanning,CN,18.8003,110.3967,66.31,81,100,6.02
324,Lagoa,PT,39.05,-27.9833,59.07,75,9,14.63
325,Hargeysa,SO,9.56,44.065,60.04,91,26,8.9
326,Nome,US,64.5011,-165.4064,-2.2,71,1,4.74
327,Kamaishi,JP,39.2667,141.8833,27.01,87,36,28.92
328,Ingham,US,42.6,-84.3833,25.0,58,1,3.49
329,Maragogi,BR,-9.0122,-35.2225,79.88,79,100,11.21
330,Lahat,ID,-3.8,103.5333,72.73,91,100,2.21
331,Ulladulla,AU,-35.35,150.4667,69.01,100,90,7.76
332,Jimeta,NG,9.2833,12.4667,82.4,34,0,4.56
333,Mollendo,PE,-17.0231,-72.0147,73.99,64,0,8.5
334,Bull Savanna,JM,17.8868,-77.5902,78.46,66,26,4.25
335,Constantine,DZ,36.365,6.6147,57.2,62,0,10.36
336,Ustye,RU,59.6304,39.736,20.88,97,100,9.1
337,Port Hedland,AU,-20.3167,118.5667,82.4,83,81,6.91
338,Villamontes,BO,-21.25,-63.5,100.92,28,0,6.76
339,Manono,CD,-7.3,27.4167,73.26,86,100,1.28
340,Longyearbyen,SJ,78.2186,15.6401,-10.19,84,0,9.46
341,Laguna,US,38.421,-121.4238,48.99,93,90,0.87
342,Mbandaka,CD,0.0487,18.2603,75.06,84,70,1.32
343,Bontang,ID,0.1333,117.5,77.7,82,96,7.52
344,Praia Da Vitoria,PT,38.7333,-27.0667,60.01,72,20,7.92
345,Campoverde,PE,-8.4753,-74.8058,91.4,55,40,10.36
346,Portland,US,45.5234,-122.6762,44.01,87,90,6.91
347,Salalah,OM,17.0151,54.0924,73.4,64,75,10.36
348,Araguari,BR,-18.6472,-48.1872,82.4,32,0,9.22
349,College,US,64.8569,-147.8028,1.99,71,75,2.77
350,Egvekinot,RU,66.3167,-179.1667,-21.28,84,2,13.2
351,Bose,IT,45.4612,8.0137,51.01,56,34,4.0
352,Nalut,LY,30.3333,10.85,55.62,41,0,4.99
353,Yebaishou,CN,41.3975,119.6408,10.44,88,0,4.38
354,Vygonichi,RU,53.0985,34.0673,22.32,98,93,9.46
355,Lerici,IT,44.0759,9.9112,50.0,89,42,4.63
356,Pacifica,US,37.6138,-122.4869,53.01,71,20,6.91
357,Redcliffe,AU,-27.2307,153.0973,75.99,73,20,6.91
358,Mercedes,AR,-34.6515,-59.4307,84.0,56,1,5.99
359,Santo Amaro Da Imperatriz,BR,-27.6881,-48.7786,84.2,79,75,8.05
360,Talara,PE,-4.5772,-81.2719,84.2,58,75,9.22
361,Kahului,US,20.8947,-156.47,72.0,88,40,13.8
362,Maldonado,UY,-34.6667,-54.9167,80.01,61,75,13.8
363,Belyy Yar,RU,53.6039,91.3903,24.8,74,0,8.95
364,Zhigansk,RU,66.7697,123.3711,-45.85,76,76,10.56
365,Maroantsetra,MG,-15.4333,49.7333,75.78,88,97,4.38
366,Carlibaba,RO,47.5833,25.1333,30.99,82,100,3.4
367,Surt,LY,31.2089,16.5887,65.73,48,0,13.69
368,Elizabeth City,US,36.2946,-76.2511,35.6,35,1,16.11
369,Hays,US,30.0502,-98.0336,64.99,62,29,5.01
370,Baghdad,IQ,33.3406,44.4009,51.8,76,0,3.44
371,Muisne,EC,0.6,-80.0333,84.2,84,75,3.44
372,Denpasar,ID,-8.65,115.2167,78.8,83,40,8.05
373,Sitka,US,57.0531,-135.33,35.6,55,90,14.97
374,Imeni Stepana Razina,RU,54.8932,44.2963,27.54,96,100,11.95
375,Kemijarvi,FI,66.7131,27.4306,5.5,94,99,5.64
376,Batagay-Alyta,RU,67.8006,130.4114,-31.56,79,100,1.48
377,Sydney,AU,-33.8679,151.2073,70.0,99,98,1.99
378,Svencionys,LT,55.15,26.1667,22.46,98,100,12.01
379,Posadas,AR,-27.3671,-55.8961,91.4,58,75,5.75
380,Margate,GB,51.3813,1.3862,48.99,76,97,1.99
381,Esfarayen,IR,37.0765,57.5101,48.2,29,0,6.76
382,Tacuati,PY,-23.45,-56.5833,82.02,82,87,5.86
383,Gobo,JP,33.8833,135.15,37.4,51,20,12.66
384,Opuwo,NA,-18.0607,13.84,72.45,61,94,5.68
385,Iquique,CL,-20.2208,-70.1431,73.4,60,0,16.11
386,Tautira,PF,-17.7333,-149.15,84.2,65,40,12.66
387,Tuatapere,NZ,-46.1333,167.6833,48.0,80,3,8.01
388,Bambanglipuro,ID,-7.95,110.2833,75.76,92,99,6.89
389,Biak,ID,-0.9131,122.8766,76.01,71,100,4.09
390,Beira,MZ,-19.8436,34.8389,82.4,83,20,9.22
391,Turukhansk,RU,65.8167,87.9833,-29.45,78,100,4.83
392,Wufeng,CN,27.45,104.8333,33.22,100,100,5.3
393,Tanete,ID,-3.9443,119.7848,75.88,86,100,1.92
394,Asfi,MA,32.2994,-9.2372,59.4,87,0,7.58
395,Parana,AR,-31.732,-60.5238,87.01,50,0,1.99
396,Seminole,US,28.7086,-81.2081,66.99,39,1,5.75
397,Quzhou,CN,28.9594,118.8686,38.88,73,11,2.84
398,Codrington,AU,-38.2667,141.9667,59.63,79,100,11.77
399,Porosozero,RU,62.7191,32.727,25.52,98,100,7.67
400,Baoqing,CN,46.3317,132.2111,-19.8,83,0,2.21
401,Mabamba,TZ,-3.5983,30.5019,63.46,92,20,1.81
402,Terrace,CA,54.5163,-128.6035,17.6,67,90,20.71
403,El Fuerte,MX,26.4189,-108.6194,82.2,28,87,8.61
404,Norden,DE,53.6,7.2,30.0,87,100,7.0
405,La Rochelle,FR,46.1667,-1.15,51.8,93,100,9.22
406,Yerbogachen,RU,61.2767,108.0108,-44.23,78,44,5.41
407,Guerrero Negro,MX,27.9769,-114.0611,65.84,54,0,11.7
408,Liverpool,GB,53.4106,-2.9779,44.6,87,90,5.75
409,Qaqortoq,GL,60.7167,-46.0333,44.6,29,75,24.16
410,San Onofre,CO,9.7359,-75.5263,88.99,50,100,12.44
411,Desaguadero,PE,-16.5656,-69.0417,58.24,37,21,13.33
412,Noumea,NC,-22.2763,166.4572,79.0,78,20,9.06
413,Mount Gambier,AU,-37.8333,140.7667,57.2,100,90,9.22
414,Ketchikan,US,55.3422,-131.6461,30.2,93,90,4.61
415,Kloulklubed,PW,7.0419,134.2556,80.29,75,100,22.06
416,Urumqi,CN,43.801,87.6005,6.8,85,12,4.47
417,Nanakuli,US,21.3906,-158.1547,73.4,73,75,8.05
418,Aklavik,CA,68.2191,-135.0107,-31.0,68,40,3.44
419,Collie,AU,-33.3667,116.15,58.77,74,0,10.22
420,Rocha,UY,-34.4833,-54.3333,81.19,47,31,8.16
421,Potsdam,DE,52.3989,13.0657,30.99,92,99,7.99
422,Skowhegan,US,44.7651,-69.7192,19.0,65,100,5.99
423,Pundaguitan,PH,6.3711,126.1689,80.4,76,97,12.62
424,Plettenberg Bay,ZA,-34.0527,23.3716,64.36,77,0,3.78
425,Adrar,MR,20.5022,-10.0711,71.06,20,0,8.57
426,Svetlaya,RU,46.5389,138.3297,4.95,89,100,14.05
427,Goderich,CA,43.7501,-81.7165,23.0,68,100,19.57
428,Aginskoye,RU,51.1,114.53,-22.79,80,100,1.07
429,Los Llanos De Aridane,ES,28.6585,-17.9182,68.0,88,20,4.88
430,Riyadh,SA,24.6877,46.7219,69.8,28,0,3.44
431,Cockburn Town,TC,21.4612,-71.1419,75.2,50,40,17.27
432,Husavik,IS,66.0449,-17.3389,15.8,86,75,7.52
433,Port Augusta,AU,-32.5,137.7667,68.0,73,90,12.66
434,Leningradskiy,RU,69.3833,178.4167,-24.97,83,77,8.61
435,Saint-Francois,FR,46.4154,3.9054,50.0,71,20,12.66
436,Kurilsk,RU,45.2333,147.8833,27.52,96,100,20.76
437,Preobrazheniye,RU,42.9019,133.9064,-1.05,78,0,7.96
438,Havre-Saint-Pierre,CA,50.2334,-63.5986,19.4,53,1,6.91
439,Cuamba,MZ,-14.8031,36.5372,71.76,92,100,2.15
440,Vorontsovka,RU,50.6132,40.3549,33.4,92,100,18.39
441,Djibo,BF,14.1022,-1.6306,76.89,17,0,8.97
442,Vao,NC,-22.6667,167.4833,75.79,79,99,22.06
443,Brae,GB,60.3964,-1.353,33.8,86,20,16.11
444,Sao Sepe,BR,-30.1606,-53.5653,78.8,89,75,14.97
445,Juegang,CN,32.3174,121.1855,39.0,70,12,8.9
446,Srednekolymsk,RU,67.45,153.6833,-30.1,84,100,3.89
447,Palauig,PH,15.435,119.9045,73.71,68,83,7.85
448,Martapura,ID,-3.4167,114.85,73.4,100,75,1.92
449,Puerto Rondon,CO,6.2805,-71.1,92.17,35,84,9.86
450,Prince Rupert,CA,54.3161,-130.3201,37.4,69,75,10.36
451,Canutama,BR,-6.5339,-64.3831,83.64,84,100,2.04
452,Vila,PT,42.0304,-8.1588,52.0,95,100,11.74
453,Evensk,RU,61.95,159.2333,-5.96,83,98,12.46
454,Ramhormoz,IR,31.28,49.6035,66.99,35,52,16.37
455,Ambovombe,MG,-25.1667,46.0833,78.33,84,0,10.69
456,Pozo Colorado,PY,-23.4923,-58.7972,84.79,63,100,7.78
457,Muromtsevo,RU,56.3724,75.2418,17.38,97,100,3.65
458,Ballina,AU,-28.8667,153.5667,69.8,94,75,3.44
459,Chapais,CA,49.7834,-74.8492,1.4,78,90,9.22
460,Shimoda,JP,34.6667,138.95,30.0,63,0,17.67
461,Santa Barbara,US,34.7333,-120.0343,50.0,87,90,5.75
462,Ojinaga,MX,29.5667,-104.4167,68.0,29,1,3.53
463,Catuday,PH,16.2923,119.8062,72.63,76,33,11.97
464,Tarko-Sale,RU,64.9225,77.785,-37.14,82,6,9.04
465,Kieta,PG,-6.2167,155.6333,81.28,80,53,10.02
466,Rio Pardo,BR,-29.9897,-52.3781,86.36,62,45,7.94
467,Dawei,MM,14.0833,98.2,72.77,66,100,3.62
468,Gurupa,BR,-1.405,-51.64,81.5,89,91,2.75
469,Beaver Dam,US,43.4578,-88.8373,30.0,50,90,8.32
470,Suntar,RU,62.1444,117.6319,-49.5,76,82,2.46
471,Tabas,IR,33.5959,56.9244,50.0,17,74,4.61
472,Qui Nhon,VN,13.7667,109.2333,69.39,82,68,12.5
473,Eskilstuna,SE,59.3666,16.5077,17.6,79,100,6.91
474,Jiaxing,CN,30.7522,120.75,42.01,74,0,4.0
475,Burgeo,CA,47.6167,-57.6152,28.71,87,35,17.87
476,Diamantino,BR,-14.4086,-56.4461,85.48,60,91,3.58
477,Port Arthur,CN,38.8,121.2667,26.6,86,0,2.24
478,Sinnamary,GF,5.3833,-52.95,78.31,88,100,12.33
479,Bonthe,SL,7.5264,-12.505,79.66,80,0,7.83
480,Alpena,US,45.0617,-83.4327,24.8,58,90,8.05
481,Salym,RU,60.0625,71.4789,-25.01,84,92,4.03
482,Banjar,ID,-8.19,114.9675,78.8,83,40,8.05
483,Ewa Beach,US,21.3156,-158.0072,73.4,73,75,8.05
484,Miri,MY,4.4148,114.0089,77.0,100,40,2.3
485,Nanortalik,GL,60.1432,-45.2371,32.99,89,100,9.53
486,Cap Malheureux,MU,-19.9842,57.6142,81.0,77,6,5.99
487,Ust-Maya,RU,60.4167,134.5333,-50.1,75,64,0.51
488,Boone,US,39.0334,-92.3335,44.01,61,14,11.63
489,San Policarpo,PH,12.1791,125.5072,77.99,84,100,23.2
490,Port Macquarie,AU,-31.4333,152.9167,71.6,94,90,3.44
491,Kupino,RU,54.3663,77.2981,14.22,97,100,7.81
492,Kodinar,IN,20.7903,70.7031,63.25,29,79,8.68
493,Suwalki,PL,54.1118,22.9309,21.38,97,84,7.58
494,Colac,AU,-38.3333,143.5833,57.0,98,100,7.76
495,Sorong,ID,-0.8833,131.25,78.76,75,100,5.41
496,Aktash,RU,50.3,87.7333,1.58,84,36,2.75
497,Novobelokatay,RU,55.7062,58.9549,23.23,86,100,7.38
498,Muros,ES,42.7762,-9.0603,57.99,91,100,8.01
499,Kibala,TD,9.1104,18.3463,80.53,19,83,3.76
500,Dakar,SN,14.6937,-17.4441,69.8,68,0,9.22
501,Ankpa,NG,7.3706,7.6253,78.44,16,0,1.86
502,Grand Gaube,MU,-20.0064,57.6608,81.0,77,7,5.99
503,Beboto,TD,8.2668,16.939,80.69,20,99,2.46
504,Nantucket,US,41.2835,-70.0995,16.0,62,90,19.57
505,Qiongshan,CN,20.0058,110.3542,62.6,88,40,4.47
506,Misratah,LY,32.3754,15.0925,66.36,49,21,11.99
507,Baker City,US,44.7749,-117.8344,42.8,70,40,3.44
508,Mitsamiouli,KM,-11.3847,43.2844,82.89,71,91,8.3
509,Parsabad,IR,39.6482,47.9174,42.8,81,0,11.5
510,Eyl,SO,7.9803,49.8164,73.29,75,0,12.5
511,Fairbanks,US,64.8378,-147.7164,1.99,77,90,2.24
512,Ammon,US,43.4696,-111.9666,41.0,70,90,9.22
513,Verkhniy Fiagdon,RU,42.8333,44.3053,37.4,93,88,13.42
514,Ginda,IN,30.6945,78.4932,36.63,53,0,7.63
515,Bouna,CI,9.2667,-3.0,82.42,15,0,2.73
516,Puerto Ayacucho,VE,5.6639,-67.6236,93.61,38,54,6.22
517,Simao,CN,22.7886,100.9748,52.34,96,20,2.59
518,Harper,LR,4.375,-7.7169,78.26,85,53,5.61
519,Flinders,AU,-34.5833,150.8552,71.01,98,99,4.0
520,Huarmey,PE,-10.0681,-78.1522,76.35,62,13,11.59
521,Poum,NC,-20.2333,164.0167,79.18,76,7,15.48
522,Cartagena,CO,10.3997,-75.5144,89.6,55,40,13.8
523,Oktyabrskoye,RU,43.0645,44.7417,37.4,93,89,13.42
524,Nopalucan,MX,19.2167,-97.8167,69.8,24,20,12.66
525,Rantepao,ID,-2.9701,119.8978,67.73,88,100,0.92
526,Horta,PT,38.5333,-28.6333,62.6,72,20,11.5
527,Sur,OM,22.5667,59.5289,64.6,56,0,7.81
528,Indramayu,ID,-6.3264,108.32,77.47,87,100,17.52
529,Kisii,KE,-0.6817,34.7667,73.4,78,40,5.75
530,Nelson Bay,AU,-32.7167,152.15,72.0,94,98,8.05
531,Beringovskiy,RU,63.05,179.3167,-14.48,87,26,10.09
532,Sterlibashevo,RU,53.4376,55.2578,23.86,97,100,14.94
533,Olinda,BR,-8.0089,-34.8553,80.6,69,75,10.36
534,Shelburne,CA,44.0787,-80.2041,16.0,79,90,12.95
535,Novobirilyussy,RU,56.9514,90.6661,-5.3,92,100,3.51
536,Mascote,BR,-15.5631,-39.3025,84.2,74,75,3.44
537,Burghausen,DE,48.1667,12.8333,44.01,92,98,11.99
538,Rondonopolis,BR,-16.4708,-54.6356,85.68,55,100,4.74
539,Taybad,IR,34.74,60.7756,50.16,38,54,7.67
540,Ambilobe,MG,-13.2,49.05,74.84,92,81,2.8
541,Pudozh,RU,61.8099,36.5345,23.85,97,99,7.67
542,Weymouth,US,42.2209,-70.9398,18.0,48,90,18.41
543,Terney,RU,45.0503,136.6092,-2.88,85,86,16.55
544,Lorengau,PG,-2.0226,147.2712,82.49,79,99,10.13
545,Cabedelo,BR,-6.9811,-34.8339,84.2,70,40,12.66
546,Sakakah,SA,29.9697,40.2064,53.6,43,70,19.57
547,Borba,BR,-4.3878,-59.5939,83.53,83,23,4.03
548,Morant Bay,JM,17.8815,-76.4093,87.8,51,20,3.44
549,Key West,US,24.5557,-81.7826,70.0,68,1,13.8
550,Shenjiamen,CN,29.9576,122.298,43.81,68,0,11.54
551,Manokwari,ID,-0.8667,134.0833,77.36,82,100,9.73
552,Tukrah,LY,32.5341,20.5791,59.76,84,40,16.17
553,Yabrud,SY,33.9674,36.6574,42.8,70,40,16.11
554,Soyo,AO,-6.1349,12.3689,79.16,85,100,3.89
555,Geilo,NO,60.5333,8.2076,8.01,70,8,15.01
556,Pandan,PH,14.0453,124.1694,74.5,83,100,22.82
557,Leo,BF,11.1,-2.1,80.78,15,0,5.82
558,Killam,CA,52.7834,-111.8518,-0.4,78,31,1.74
559,Kupang,ID,-10.1667,123.5833,79.79,83,100,12.17
560,Rosetta,EG,31.4044,30.4164,57.2,62,40,10.36
561,Vestmanna,FO,62.1564,-7.1664,32.0,69,75,4.61
562,Bosaso,SO,11.2842,49.1816,73.31,77,5,2.8
563,Xudat,AZ,41.631,48.681,41.34,89,100,2.98
564,Yumen,CN,40.2833,97.2,21.78,75,0,15.57
565,Dargaville,NZ,-35.9333,173.8833,62.17,74,8,8.95
566,Kalat,PK,29.0225,66.5916,37.83,48,86,2.08
567,Bud,US,39.447,-86.1758,33.01,55,75,6.91
568,Barzas,RU,55.7167,86.3167,19.4,86,90,17.9
569,Bang Saphan,TH,11.2126,99.5117,73.17,92,66,0.98
570,Ulcinj,ME,41.9294,19.2244,50.0,100,90,4.61
571,Tonj,SS,7.2737,28.6822,80.37,17,96,5.12
572,Samarai,PG,-10.6167,150.6667,81.91,75,98,6.51
573,Mildura,AU,-34.2,142.15,60.8,82,0,10.36
574,Dekar,BW,-21.5333,21.9333,71.02,76,63,3.44
575,Gomel,BY,52.4345,30.9754,24.8,93,90,13.42
576,Aksehir,TR,38.3575,31.4164,28.11,86,0,5.17
577,Novyy Urengoy,RU,66.0833,76.6333,-39.93,81,21,7.85
578,Elmvale,CA,44.5834,-79.8664,15.01,73,93,6.91
579,Ambon,ID,-3.6954,128.1814,80.64,80,100,10.56
580,Coos Bay,US,43.3665,-124.2179,44.6,81,1,9.22
581,Kortkeros,RU,61.8106,51.5806,23.0,93,75,8.95
582,Cairns,AU,-16.9167,145.7667,77.0,88,75,10.36
583,Nishihara,JP,26.1842,127.7558,57.2,58,75,5.75
584,North Bend,US,43.4065,-124.2243,44.6,81,1,9.22
585,Doha,QA,25.2867,51.5333,70.0,77,0,3.44
586,Playa Del Carmen,MX,20.6274,-87.0799,77.0,61,75,11.5
587,Temerloh,MY,3.4483,102.4176,70.05,96,100,2.19
588,Mbanza-Ngungu,CD,-5.25,14.8667,69.82,98,100,4.76
589,Betsiamites,CA,48.9413,-68.646,14.0,52,90,12.66
590,Talnakh,RU,69.4865,88.3972,-33.59,70,0,0.58
591,Chulym,RU,55.0997,80.9572,14.83,97,100,8.57
592,Nouadhibou,MR,20.931,-17.0347,73.4,53,0,12.66
593,Bayan,CN,46.0833,127.4,-9.56,90,100,7.99
594,Vallenar,CL,-28.5708,-70.7581,84.69,28,0,9.75
595,Nova Prata,BR,-28.7839,-51.61,80.6,65,40,6.91
596,Tymovskoye,RU,50.8456,142.655,4.69,91,100,7.99
597,Matadi,CD,-5.8167,13.45,76.37,90,100,5.5
598,Westport,US,41.1415,-73.3579,24.01,42,1,24.16
599,Lewisporte,CA,49.2499,-55.0482,23.0,93,90,14.97
600,Nyagan,RU,62.1406,65.3936,-23.75,85,76,5.55
601,Kuusamo,FI,65.9667,29.1833,10.4,79,75,4.61
602,Dzaoudzi,YT,-12.7887,45.2699,82.4,78,75,8.05
603,Narwana,IN,29.6167,76.1167,47.3,52,0,5.1
604,Stornoway,GB,58.2093,-6.3865,39.2,75,75,10.36
605,Malanje,AO,-9.5402,16.341,64.83,93,90,3.13
606,Umm Kaddadah,SD,13.6017,26.6876,67.64,24,0,18.92
607,Kansanshi,ZM,-12.0951,26.4273,63.79,91,100,2.15
608,Nicolas Bravo,MX,18.45,-88.9167,78.8,78,90,3.2
609,Barcelos,PT,41.5388,-8.6151,55.4,100,75,21.85
610,Igarka,RU,67.4667,86.5833,-28.39,77,61,5.99
611,Bundaberg,AU,-24.85,152.35,73.0,88,75,8.05
612,Prilep,MK,41.3464,21.5544,41.0,65,90,4.45
613,Anan,JP,33.9167,134.65,35.6,51,20,12.66
614,Kihei,US,20.785,-156.4656,72.0,88,40,13.8
615,Susaki,JP,33.3667,133.2833,32.5,87,36,4.54
616,Nuuk,GL,64.1835,-51.7216,30.2,59,1,4.61
617,Kenai,US,60.5544,-151.2583,10.4,85,90,8.12
618,Antalaha,MG,-14.9003,50.2788,76.28,87,90,3.02
619,Cardston,CA,49.2,-113.3019,41.0,85,18,3.44
620,Simpang,ID,-1.2667,104.0833,74.28,95,100,3.89
621,Pangody,RU,65.85,74.4859,-42.86,80,26,5.79
622,Namibe,AO,-15.1961,12.1522,73.78,77,39,12.77
623,Viedma,AR,-40.8135,-62.9967,73.0,34,89,20.54
624,Ngama,TD,11.7833,17.1667,79.23,15,0,15.28
625,Ovsyanka,RU,55.9575,92.5519,12.2,92,75,2.24
626,Mokhsogollokh,RU,61.4681,128.9203,-42.12,80,100,0.2
627,Mujiayingzi,CN,42.1167,118.7833,5.83,87,1,2.04
628,Kyzyl-Suu,KG,42.3414,78.0056,20.19,68,0,9.8
629,Fernandina Beach,US,30.6697,-81.4626,55.99,44,1,9.22
630,Koslan,RU,63.4564,48.8989,14.29,95,100,10.89
631,Kasempa,ZM,-13.4584,25.8338,66.47,92,100,3.65
632,San Isidro,PE,-12.1167,-77.05,78.8,57,0,14.97
633,Manuk Mangkaw,PH,4.8,119.85,81.0,80,93,16.98
634,Bradley,US,35.1501,-84.8666,46.0,39,1,8.05
635,Rognan,NO,67.0953,15.3878,19.4,49,0,21.85
636,Ninghai,CN,29.2892,121.4247,37.99,81,0,3.36
637,Praya,CV,14.9215,-23.5087,78.8,47,0,17.27
638,Kommunisticheskiy,RU,61.6789,64.4819,-20.06,86,95,6.78
639,Dhidhdhoo,MV,6.8833,73.1,80.58,69,1,7.63
640,Hailar,CN,49.2,119.7,-26.1,86,99,4.27
641,Guiratinga,BR,-16.3494,-53.7583,82.74,65,60,2.42
642,Atasu,KZ,48.6814,71.6433,16.7,90,0,6.58
643,Lushoto,TZ,-4.7833,38.2833,60.51,100,19,4.16
644,Coquimbo,CL,-29.9533,-71.3436,66.2,68,0,13.8
645,Bereda,ES,43.2686,-7.5406,55.0,83,100,18.01
646,Flint,US,43.0125,-83.6875,24.01,58,20,6.91
647,Tual,ID,-5.6667,132.75,82.87,76,100,14.36
648,Saint-Augustin,CA,51.226,-58.6502,19.31,90,0,12.21
649,Harlingen,US,26.1906,-97.6961,75.99,53,90,13.8
650,Bintulu,MY,3.1667,113.0333,77.0,94,40,3.44
